epoch,accuracy,loss,val_accuracy,val_loss
0,0.8941500186920166,0.3877238631248474,0.9280999898910522,0.25384730100631714
1,0.9322166442871094,0.23997662961483002,0.9370999932289124,0.2152169644832611
2,0.9413166642189026,0.20676694810390472,0.9449999928474426,0.1940334439277649
3,0.9474999904632568,0.18681658804416656,0.9484000205993652,0.18483367562294006
4,0.9514999985694885,0.17369472980499268,0.9502000212669373,0.17690618336200714
5,0.9543666839599609,0.16235193610191345,0.9523000121116638,0.17113836109638214
6,0.956849992275238,0.15483224391937256,0.9485999941825867,0.17863109707832336
