epoch,accuracy,loss,val_accuracy,val_loss
0,0.9106333255767822,0.31891801953315735,0.9401999711990356,0.20307299494743347
1,0.949566662311554,0.1742125302553177,0.9532999992370605,0.15262755751609802
2,0.9613166451454163,0.13374589383602142,0.9610999822616577,0.13117724657058716
3,0.9668333530426025,0.11309070885181427,0.9657999873161316,0.1219373568892479
4,0.9721333384513855,0.09793955832719803,0.9684000015258789,0.11842458695173264
5,0.9748666882514954,0.08899299800395966,0.9686999917030334,0.11329945921897888
